time,temp,humid,outside
0,65.496796,40,27.483978
1,65.48756,40,27.437782
2,65.47577,40,27.378845
3,65.46016,40,27.300797
4,65.44143,40,27.207146
5,65.41819,40,27.090948
6,65.39129,41,26.956446
7,65.36126,41,26.806297
8,65.327095,41,26.635473
9,65.29061,41,26.453056
10,65.23868,41,26.19339
11,65.17098,42,25.854912
12,65.08849,42,25.442467
13,64.99787,42,24.989357
14,64.898605,42,24.493027
15,64.805084,43,24.025421
16,64.71765,43,23.588257
17,64.64514,43,23.225708
18,64.589935,43,22.949677
19,64.56005,43,22.800255
20,64.55594,43,22.779694
21,64.58369,43,22.918434
22,64.63831,43,23.191566
23,64.70345,44,23.517265
24,64.77081,44,23.854065
25,64.843864,44,24.219322
26,64.91798,44,24.589882
27,64.99662,44,24.9831
28,65.07479,45,25.373953
29,65.15602,45,25.780106
30,65.23526,45,26.1763
31,65.31575,46,26.57875
32,65.39234,46,26.961708
33,65.46895,47,27.344742
34,65.54017,47,27.700844
35,65.61491,47,28.074533
36,65.70204,48,28.510206
37,65.805786,48,29.02893
38,65.92861,48,29.643059
39,66.04879,48,30.243952
40,66.17477,48,30.873833
41,66.29672,48,31.483612
42,66.41492,48,32.074585
43,66.51942,48,32.597084
44,66.61106,49,33.055305
45,66.680885,49,33.404427
46,66.731995,49,33.659973
47,66.755104,49,33.77552
48,66.76339,49,33.816948
49,66.762566,49,33.812828
50,66.75825,49,33.791237
51,66.745575,49,33.727875
52,66.73036,49,33.65181
53,66.70808,49,33.540382
54,66.68185,49,33.409233
55,66.65285,49,33.264236
56,66.624565,49,33.122826
57,66.59286,49,32.964287
58,66.563675,48,32.818375
59,66.53289,48,32.66445
60,66.50619,48,32.530937
61,66.46358,48,32.317886
62,66.39754,48,31.987684
63,66.30935,48,31.546745
64,66.20715,48,31.035767
65,66.09186,48,30.459291
66,65.97436,48,29.871788
67,65.85696,48,29.28478
68,65.75087,48,28.754347
69,65.65833,48,28.291664
70,65.58852,48,27.94258
71,65.54697,48,27.734835
72,65.53328,48,27.666395
73,65.552765,48,27.763826
74,65.59409,48,27.970467
75,65.65744,48,28.287203
76,65.73811,48,28.690567
77,65.83775,48,29.188766
78,65.95187,48,29.759369
79,66.079,48,30.395014
80,66.214134,48,31.070671
81,66.35708,48,31.785393
82,66.50199,48,32.509956
83,66.64847,48,33.24234
84,66.791214,47,33.95607
85,66.930016,47,34.650078
86,67.06896,47,35.34481
87,67.1948,47,35.974007
88,67.312805,47,36.564026
89,67.42342,47,37.11712
90,67.52402,47,37.620087
91,67.61518,47,38.075905
92,67.69501,47,38.475037
93,67.76417,47,38.82084
94,67.82095,47,39.104767
95,67.866936,47,39.33468
96,67.90088,47,39.504395
97,67.92322,47,39.61609
98,67.933586,47,39.66793
99,67.93309,47,39.66545
100,67.92447,47,39.622345
101,67.90864,46,39.54319
102,67.88136,46,39.406815
103,67.84706,46,39.235306
104,67.80558,46,39.0279
105,67.75275,46,38.763733
106,67.69272,46,38.463593
107,67.62012,46,38.100586
108,67.540886,46,37.70443
109,67.4487,45,37.2435
110,67.35172,45,36.758614
111,67.24222,45,36.21109
112,67.1282,45,35.640984
113,66.99844,45,34.992218
114,66.86543,45,34.327164
115,66.721466,45,33.60733
116,66.58143,45,32.907143
117,66.43713,44,32.18567
118,66.29905,44,31.495247
119,66.17097,44,30.854836
120,66.06378,44,30.31891
121,65.96638,44,29.831886
122,65.896645,44,29.483223
123,65.84109,44,29.205435
124,65.81722,44,29.086113
125,65.799576,44,28.99788
126,65.79883,44,28.99414
127,65.79569,44,28.97846
128,65.80775,44,29.038733
129,65.81493,44,29.074669
130,65.83484,44,29.174194
131,65.84614,44,29.23069
132,65.8671,44,29.335516
133,65.87565,44,29.37824
134,65.8855,44,29.42749
135,65.89639,44,29.481966
136,65.89094,44,29.45469
137,65.89147,44,29.457361
138,65.88929,45,29.44645
139,65.91146,45,29.557306
140,65.93443,45,29.672163
141,65.979744,45,29.898722
142,66.023895,45,30.119476
143,66.08505,45,30.425262
144,66.13867,45,30.693357
145,66.20596,46,31.029814
146,66.26082,46,31.30409
147,66.32503,46,31.625137
148,66.372925,47,31.864626
149,66.42733,47,32.13665
150,66.463715,48,32.318573
151,66.507706,48,32.53853
152,66.536194,48,32.68097
153,66.57438,48,32.871895
154,66.59994,48,32.999687
155,66.638855,48,33.194275
156,66.66961,48,33.348045
157,66.71827,48,33.591347
158,66.761986,48,33.80993
159,66.82963,48,34.14814
160,66.897835,48,34.489174
161,66.99063,48,34.953156
162,67.08565,48,35.428238
163,67.20489,48,36.024437
164,67.324524,48,36.62262
165,67.46472,49,37.32361
166,67.61963,49,38.098145
167,67.7608,49,38.804016
168,67.913246,49,39.56623
169,68.0529,49,40.26451
170,68.1963,50,40.981483
171,68.32026,50,41.601295
172,68.4409,50,42.204514
173,68.5367,50,42.683487
174,68.62436,51,43.121796
175,68.68326,51,43.41629
176,68.74431,51,43.721542
177,68.811,51,44.054985
178,68.898895,51,44.494476
179,68.99059,51,44.952965
180,69.09917,51,45.495834
181,69.20741,51,46.037064
182,69.33043,51,46.652145
183,69.44418,51,47.220917
184,69.562164,51,47.81082
185,69.66934,51,48.34671
186,69.77481,51,48.874054
187,69.86556,51,49.327812
188,69.95024,51,49.751205
189,70.006836,51,50.034176
190,70.03368,51,50.16842
191,70.028,51,50.14
192,69.9998,51,49.99901
193,69.94721,51,49.73606
194,69.88234,51,49.411697
195,69.80636,50,49.03179
196,69.73075,50,48.653755
197,69.65812,49,48.290596
198,69.5965,49,47.982483
199,69.5516,48,47.757988
200,69.52539,48,47.626953
201,69.519615,47,47.598076
202,69.513,47,47.565002
203,69.49824,47,47.491188
204,69.47452,47,47.37259
205,69.442535,46,47.212677
206,69.40129,46,47.006454
207,69.35089,46,46.754456
208,69.28961,46,46.44806
209,69.21965,46,46.09825
210,69.13829,47,45.691452
211,69.04875,47,45.24376
212,68.9481,47,44.740486
213,68.84071,47,44.203568
214,68.71913,47,43.595657
215,68.60442,47,43.022118
216,68.48877,47,42.443848
217,68.378174,47,41.89087
218,68.26817,47,41.340866
219,68.165085,46,40.825424
220,68.063576,46,40.31788
221,67.97035,46,39.85176
222,67.879585,46,39.397926
223,67.79776,45,38.9888
224,67.71842,45,38.59211
225,67.649185,45,38.245926
226,67.58269,44,37.913437
227,67.527885,44,37.639427
228,67.47825,44,37.391243
229,67.44157,44,37.207832
230,67.402916,43,37.01458
231,67.3754,43,36.876984
232,67.356125,43,36.780624
233,67.333405,42,36.667023
234,67.31426,42,36.571312
235,67.286575,41,36.432877
236,67.25808,41,36.290398
237,67.216965,40,36.084824
238,67.172745,39,35.863724
239,67.11306,39,35.5653
240,67.06118,38,35.3059
241,67.02408,37,35.12039
242,67.01193,36,35.05966
243,67.01215,36,35.06077
244,67.03327,35,35.16636
245,67.06107,35,35.305367
246,67.10427,34,35.521355
247,67.1459,34,35.729485
248,67.1945,33,35.97252
249,67.23537,33,36.176834
250,67.2771,32,36.385498
251,67.30609,32,36.530457
252,67.33251,31,36.66256
253,67.341896,31,36.70948
254,67.34281,30,36.714058
255,67.326805,30,36.634026
256,67.30689,30,36.534462
257,67.27439,29,36.371956
258,67.24393,29,36.219635
259,67.207664,29,36.038322
260,67.180435,28,35.902176
261,67.15445,28,35.772247
262,67.144135,28,35.720673
263,67.14651,28,35.732536
264,67.15774,28,35.78869
265,67.18875,28,35.943756
266,67.21461,27,36.073036
267,67.240776,27,36.20388
268,67.25737,27,36.28685
269,67.27541,27,36.377068
270,67.28506,26,36.425285
271,67.29895,26,36.49475
272,67.307945,26,36.539726
273,67.322845,25,36.614227
274,67.335556,25,36.67778
275,67.35624,25,36.781197
276,67.37687,25,36.884346
277,67.40667,25,37.033348
278,67.436775,24,37.183876
279,67.47055,24,37.352753
280,67.49917,24,37.495842
281,67.53033,24,37.651634
282,67.55677,24,37.78385
283,67.58576,24,37.92881
284,67.610664,24,38.05332
285,67.63824,25,38.191185
286,67.66225,25,38.311234
287,67.6892,25,38.446007
288,67.7134,25,38.56701
289,67.740265,26,38.701324
290,67.76477,26,38.823853
291,67.795525,26,38.977623
292,67.84002,26,39.200096
293,67.90181,27,39.50905
294,67.980225,27,39.901123
295,68.063065,27,40.315323
296,68.15293,27,40.764656
297,68.242744,27,41.213722
298,68.33028,27,41.651382
299,68.40906,27,42.045288
300,68.476585,27,42.382927
301,68.52803,27,42.640152
302,68.56233,27,42.81166
303,68.575,27,42.874985
304,68.57475,27,42.873764
305,68.5745,27,42.872505
306,68.57506,27,42.87529
307,68.57782,28,42.8891
308,68.58407,28,42.92034
309,68.59602,28,42.980118
310,68.61794,28,43.089714
311,68.64731,28,43.23654
312,68.687485,29,43.437424
313,68.740555,29,43.702774
314,68.80666,29,44.033318
315,68.887,30,44.435005
316,68.98033,30,44.901657
317,69.08765,30,45.438232
318,69.20782,30,46.039085
319,69.33796,31,46.689796
320,69.474144,31,47.37072
321,69.61397,31,48.06984
322,69.75195,31,48.759766
323,69.885315,32,49.426575
324,70.0083,32,50.041504
325,70.11856,32,50.592804
326,70.217514,32,51.08757
327,70.28874,32,51.443707
328,70.3387,32,51.6935
329,70.36364,33,51.8182
330,70.3543,33,51.77151
331,70.30606,33,51.5303
332,70.224045,33,51.12022
333,70.11081,34,50.55405
334,69.97053,34,49.85264
335,69.815674,34,49.07837
336,69.65248,35,48.262405
337,69.48635,35,47.431755
338,69.327095,35,46.635475
339,69.17912,36,45.895615
340,69.050674,36,45.253372
341,68.9438,37,44.71901
342,68.857445,37,44.287224
343,68.80109,38,44.005432
344,68.769615,38,43.848076
345,68.758934,38,43.79467
346,68.76893,39,43.844643
347,68.793205,39,43.966026
348,68.82995,39,44.149742
349,68.871544,40,44.35772
350,68.91883,40,44.594154
351,68.95756,41,44.78779
352,68.98976,41,44.948807
353,69.00936,42,45.046806
354,69.01688,42,45.08438
355,69.013306,42,45.06653
356,69.01637,43,45.081863
357,69.024605,43,45.123024
358,69.041504,44,45.20752
359,69.065796,44,45.32898
360,69.0965,44,45.482483
361,69.136795,45,45.683975
362,69.18431,45,45.921555
363,69.24191,45,46.209564
364,69.30684,46,46.534195
365,69.38136,46,46.906815
366,69.46184,46,47.30919
367,69.55049,47,47.752457
368,69.6407,47,48.203506
369,69.730194,47,48.65097
370,69.81457,48,49.072838
371,69.89441,48,49.472046
372,69.96542,48,49.827118
373,70.02818,48,50.14092
374,70.08495,49,50.424767
375,70.12297,49,50.614853
376,70.14571,49,50.728573
377,70.15427,49,50.77133
378,70.145584,49,50.72792
379,70.1212,49,50.606
380,70.07881,49,50.39406
381,70.02692,49,50.134583
382,69.96866,49,49.843292
383,69.9065,49,49.53251
384,69.83914,49,49.19571
385,69.769,49,48.844986
386,69.69517,49,48.475838
387,69.62013,49,48.100662
388,69.54326,49,47.716293
389,69.46692,49,47.334595
390,69.38293,49,46.914635
391,69.30855,48,46.54274
392,69.23727,48,46.186333
393,69.16767,48,45.838356
394,69.08424,48,45.42122
395,68.98138,48,44.906883
396,68.86295,47,44.314766
397,68.73222,47,43.661118
398,68.591705,47,42.958527
399,68.45275,47,42.263756
400,68.319016,47,41.595078
401,68.19596,47,40.979805
402,68.089645,47,40.448227
403,68.00466,47,40.023308
404,67.945274,47,39.72637
405,67.91413,47,39.570656
406,67.911674,47,39.558372
407,67.927574,46,39.63787
408,67.95912,46,39.79561
409,68.00408,46,40.02041
410,68.06166,46,40.308304
411,68.12764,46,40.6382
412,68.20123,46,41.006165
413,68.27681,46,41.38405
414,68.35573,46,41.77864
415,68.42839,45,42.141953
416,68.49764,45,42.488213
417,68.55705,45,42.785263
418,68.60968,44,43.0484
419,68.65587,44,43.279343
420,68.72032,44,43.60161
421,68.79708,44,43.985405
422,68.89536,43,44.476814
423,68.99855,43,44.992752
424,69.104034,43,45.520172
425,69.215164,42,46.07582
426,69.31984,42,46.599197
427,69.42211,42,47.110558
428,69.50957,42,47.547836
429,69.58781,41,47.939034
430,69.645615,41,48.228073
431,69.68898,41,48.4449
432,69.70706,41,48.53531
433,69.7084,41,48.541985
434,69.68395,41,48.41976
435,69.64714,41,48.235703
436,69.59041,41,47.95204
437,69.52934,41,47.646713
438,69.45336,41,47.266808
439,69.386665,41,46.933327
440,69.31834,42,46.591682
441,69.26505,42,46.325264
442,69.21796,42,46.089783
443,69.19262,42,45.963097
444,69.177864,42,45.88932
445,69.188446,42,45.94223
446,69.2128,42,46.063995
447,69.25999,43,46.299934
448,69.314224,43,46.57112
449,69.38524,43,46.926193
450,69.454506,43,47.27253
451,69.53087,44,47.654343
452,69.595085,44,47.975426
453,69.65625,44,48.28125
454,69.69848,45,48.492393
455,69.7186,45,48.592987
456,69.72472,45,48.62358
457,69.70142,46,48.50712
458,69.66978,46,48.348885
459,69.61836,46,48.091812
460,69.562256,46,47.81128
461,69.48833,47,47.441635
462,69.41144,47,47.05719
463,69.32073,47,46.60366
464,69.23144,48,46.15719
465,69.131485,48,45.657425
466,69.03671,48,45.183563
467,68.93514,49,44.675713
468,68.84209,49,44.210434
469,68.7454,49,43.726997
470,68.65538,50,43.2769
471,68.55893,50,42.794647
472,68.465675,51,42.328377
473,68.3639,51,41.819496
474,68.26759,52,41.337967
475,68.1657,52,40.828514
476,68.07195,53,40.359764
477,67.97579,53,39.87896
478,67.889984,54,39.44992
479,67.80527,54,39.026337
480,67.73355,55,38.667755
481,67.66474,55,38.323708
482,67.610214,55,38.05107
483,67.55353,56,37.76764
484,67.48515,56,37.425766
485,67.39541,56,36.977043
486,67.28583,56,36.42914
487,67.17667,56,35.88333
488,67.057785,56,35.288925
489,66.942604,56,34.71302
490,66.82826,55,34.14131
491,66.727516,55,33.63758
492,66.637695,55,33.188477
493,66.569664,54,32.84832
494,66.519,54,32.594986
495,66.4962,53,32.481003
496,66.48646,53,32.43229
497,66.4829,52,32.414513
498,66.48008,52,32.4004
499,66.482056,51,32.41028
500,66.48419,51,32.42096
501,66.48961,50,32.448044
502,66.49572,50,32.4786
503,66.50203,50,32.510147
504,66.50699,49,32.534943
505,66.51209,49,32.560463
506,66.51538,49,32.576904
507,66.51767,48,32.58835
508,66.51814,48,32.590714
509,66.5287,48,32.64351
510,66.558136,48,32.79068
511,66.60463,48,33.023148
512,66.665306,47,33.32653
513,66.73965,47,33.698235
514,66.822075,47,34.110374
515,66.91251,47,34.56257
516,67.00385,47,35.019264
517,67.09714,47,35.485687
518,67.19329,47,35.966454
519,67.2745,47,36.37249
520,67.35075,47,36.75377
521,67.41451,47,37.072563
522,67.4809,48,37.40452
523,67.54479,48,37.72396
524,67.61394,48,38.069687
525,67.67902,48,38.39512
526,67.748856,48,38.744278
527,67.81313,48,39.065666
528,67.88173,48,39.408646
529,67.94337,48,39.716835
530,68.00893,48,40.044632
531,68.06626,47,40.331306
532,68.12723,47,40.63614
533,68.178825,47,40.894127
534,68.23497,47,41.17485
535,68.288795,47,41.443977
536,68.35448,47,41.772385
537,68.41583,47,42.079163
538,68.48514,47,42.42569
539,68.54433,47,42.721634
540,68.605576,47,43.027878
541,68.64971,47,43.248558
542,68.691666,48,43.45833
543,68.70763,48,43.53813
544,68.714264,48,43.57132
545,68.69291,49,43.464546
546,68.660095,49,43.300476
547,68.59629,49,42.981453
548,68.51383,50,42.56916
549,68.39698,50,41.9849
550,68.25668,50,41.283417
551,68.11104,50,40.55519
552,67.94651,50,39.73255
553,67.78855,50,38.942757
554,67.62525,50,38.12626
555,67.4823,51,37.4115
556,67.34683,51,36.73416
557,67.24323,51,36.216164
558,67.1554,51,35.777016
559,67.108116,51,35.54058
560,67.07967,51,35.39837
561,67.086555,51,35.432777
562,67.107834,51,35.53917
563,67.15987,51,35.79933
564,67.2197,51,36.09852
565,67.30184,51,36.50921
566,67.38833,51,36.941643
567,67.480644,51,37.40322
568,67.56049,51,37.802467
569,67.64161,50,38.208046
570,67.70121,50,38.50605
571,67.75413,50,38.770638
572,67.77985,50,38.89923
573,67.80465,49,39.023247
574,67.81737,49,39.086838
575,67.83504,49,39.175186
576,67.83989,49,39.199448
577,67.848465,49,39.242325
578,67.84392,49,39.21959
579,67.8424,49,39.211998
580,67.82789,49,39.139442
581,67.816055,49,39.080276
582,67.79112,50,38.955612
583,67.76152,50,38.807602
584,67.73425,50,38.671265
585,67.695816,50,38.47908
586,67.66928,50,38.346405
587,67.644615,50,38.223076
588,67.63439,50,38.17196
589,67.62567,50,38.128357
590,67.63007,50,38.150368
591,67.634674,50,38.17337
592,67.64986,50,38.249283
593,67.66411,50,38.32054
594,67.68647,50,38.43235
595,67.706406,49,38.53203
596,67.731995,49,38.659973
597,67.753876,49,38.76938
598,67.78381,49,38.919067
599,67.81512,49,39.075584
600,67.858185,49,39.290924
601,67.90509,49,39.52545
602,67.959625,49,39.798126
603,68.014305,49,40.071526
604,68.07132,50,40.356598
605,68.124054,50,40.62027
606,68.17462,50,40.873108
607,68.21549,50,41.07746
608,68.248245,50,41.241226
609,68.269585,50,41.347923
610,68.27966,50,41.398315
611,68.27208,50,41.360397
612,68.230255,50,41.151276
613,68.15693,50,40.784645
614,68.04995,50,40.24975
615,67.92059,50,39.602966
616,67.777985,50,38.889923
617,67.62076,50,38.10379
618,67.46683,50,37.334137
619,67.31191,50,36.559563
620,67.17681,50,35.884056
621,67.052826,50,35.26413
622,66.961,50,34.804993
623,66.89009,50,34.450455
624,66.854095,50,34.270477
625,66.82321,50,34.11606
626,66.8208,50,34.104004
627,66.82209,50,34.11045
628,66.8523,50,34.261513
629,66.88262,49,34.41311
630,66.93726,49,34.686317
631,66.99073,49,34.95365
632,67.069145,50,35.345726
633,67.13754,50,35.687714
634,67.22874,50,36.143684
635,67.30573,50,36.528664
636,67.40463,50,37.023163
637,67.47983,50,37.39914
638,67.56468,50,37.82341
639,67.62134,50,38.10669
640,67.69271,50,38.463554
641,67.73844,50,38.692207
642,67.805115,50,39.025574
643,67.85096,50,39.2548
644,67.924805,50,39.624023
645,67.98291,50,39.91455
646,68.07803,50,40.390167
647,68.18363,50,40.91816
648,68.278206,51,41.39103
649,68.41257,51,42.062836
650,68.540764,51,42.70382
651,68.71446,51,43.57231
652,68.8792,51,44.39602
653,69.083725,51,45.418625
654,69.273636,51,46.36818
655,69.491264,51,47.45632
656,69.68016,51,48.400803
657,69.88892,51,49.44462
658,70.05808,51,50.290413
659,70.237656,51,51.18828
660,70.36919,51,51.845932
661,70.504944,51,52.524723
662,70.5885,51,52.9425
663,70.67597,51,53.379856
664,70.7134,51,53.56701
665,70.75694,52,53.784718
666,70.75358,52,53.76789
667,70.76021,52,53.80104
668,70.72505,52,53.625263
669,70.70511,53,53.525543
670,70.648285,53,53.241425
671,70.6135,53,53.067513
672,70.54908,54,52.745403
673,70.50991,54,52.549553
674,70.44589,54,52.229465
675,70.4045,55,52.02252
676,70.31934,55,51.596718
677,70.24135,55,51.206745
678,70.128044,55,50.64022
679,69.998405,55,49.992027
680,69.885,55,49.42501
681,69.745155,55,48.725777
682,69.629196,55,48.14598
683,69.49629,55,47.48146
684,69.3944,55,46.972008
685,69.28386,55,46.419296
686,69.20878,55,46.04389
687,69.13178,55,45.658913
688,69.085815,55,45.429077
689,69.02211,54,45.11055
690,68.97806,54,44.89029
691,68.917564,54,44.587822
692,68.87533,54,44.37664
693,68.81763,54,44.088135
694,68.77675,55,43.883743
695,68.7207,55,43.603516
696,68.67896,55,43.394814
697,68.623344,55,43.116722
698,68.58013,55,42.900658
699,68.52428,55,42.621384
700,68.479385,55,42.396927
701,68.43666,56,42.183304
702,68.42735,56,42.136765
703,68.42881,56,42.14405
704,68.456375,56,42.281876
705,68.49089,56,42.454453
706,68.542175,56,42.710876
707,68.59327,56,42.966347
708,68.6502,56,43.251
709,68.699356,57,43.49678
710,68.742905,57,43.714523
711,68.77608,57,43.880386
712,68.7941,57,43.97049
713,68.79812,57,43.990593
714,68.79379,57,43.968964
715,68.78432,57,43.921585
716,68.77177,57,43.858833
717,68.757545,57,43.787727
718,68.74333,57,43.71666
719,68.73551,57,43.67756
720,68.73718,57,43.685913
721,68.74968,56,43.748398
722,68.7785,56,43.892517
723,68.82358,56,44.11789
724,68.88983,56,44.449158
725,68.975075,55,44.875374
726,69.08536,55,45.42679
727,69.20456,55,46.022797
728,69.33713,55,46.68564
729,69.47669,54,47.38346
730,69.62556,54,48.127785
731,69.77602,54,48.88008
732,69.930374,54,49.65187
733,70.08008,54,50.400387
734,70.22908,54,51.145397
735,70.36604,54,51.830215
736,70.49607,54,52.48035
737,70.61065,53,53.05325
738,70.71505,53,53.57525
739,70.80191,53,54.009552
740,70.88054,53,54.4027
741,70.9444,53,54.72199
742,71.01211,53,55.060543
743,71.0623,52,55.31151
744,71.1034,52,55.517006
745,71.14651,52,55.732536
746,71.186195,52,55.930977
747,71.23396,51,56.169815
748,71.28366,51,56.418304
749,71.3463,51,56.73149
750,71.41371,50,57.068558
751,71.4975,50,57.487488
752,71.59137,50,57.956852
753,71.7099,49,58.5495
754,71.8408,49,59.203987
755,71.98958,48,59.94789
756,72.14122,48,60.706104
757,72.29945,47,61.497272
758,72.452995,47,62.26498
759,72.5941,46,62.97051
760,72.711685,46,63.558422
761,72.80991,45,64.04957
762,72.87376,45,64.36878
763,72.90964,44,64.54819
764,72.90517,43,64.52583
765,72.87565,43,64.37824
766,72.81516,43,64.07581
767,72.737946,42,63.689728
768,72.63605,42,63.180237
769,72.52344,42,62.617188
770,72.39455,41,61.972733
771,72.26432,41,61.321606
772,72.12785,41,60.639267
773,71.99999,40,59.99996
774,71.8686,40,59.34299
775,71.75634,40,58.7817
776,71.664024,40,58.32012
777,71.583595,39,57.917976
778,71.517624,39,57.58812
779,71.45421,39,57.271038
780,71.4023,39,57.01149
781,71.352196,39,56.76098
782,71.312935,39,56.56468
783,71.272255,39,56.361275
784,71.23833,39,56.191635
785,71.20125,39,56.00624
786,71.16782,39,55.839123
787,71.12872,39,55.64362
788,71.090805,40,55.45403
789,71.04572,40,55.228615
790,71.00357,40,55.017853
791,70.97451,40,54.872547
792,70.96753,40,54.837643
793,70.973816,40,54.86908
794,70.997025,40,54.985123
795,71.02718,40,55.135918
796,71.06619,40,55.330963
797,71.10381,40,55.51907
798,71.14357,40,55.71785
799,71.17088,40,55.854416
800,71.1898,40,55.948986
801,71.19273,40,55.963673
802,71.18223,40,55.91114
803,71.15337,40,55.76687
804,71.11076,40,55.553818
805,71.052055,40,55.260277
806,70.97708,40,54.885406
807,70.89856,40,54.492794
808,70.81348,40,54.067387
809,70.72835,40,53.641735
810,70.64544,40,53.2272
811,70.570755,40,52.853775
812,70.50676,40,52.5338
813,70.45797,40,52.28985
814,70.42544,40,52.12719
815,70.413445,40,52.06722
816,70.41141,39,52.05704
817,70.40522,39,52.0261
818,70.3945,39,51.972504
819,70.38099,39,51.904945
820,70.364044,39,51.820217
821,70.3467,39,51.733513
822,70.3289,39,51.644516
823,70.31241,39,51.562042
824,70.2959,39,51.479496
825,70.28409,39,51.420437
826,70.27333,38,51.36665
827,70.26873,38,51.34365
828,70.26515,38,51.325764
829,70.275795,38,51.37898
830,70.30092,38,51.504593
831,70.34242,37,51.712112
832,70.39083,37,51.954155
833,70.4493,37,52.24651
834,70.505325,37,52.52663
835,70.56196,36,52.80979
836,70.605515,36,53.02757
837,70.64004,36,53.200184
838,70.64844,36,53.242188
839,70.63763,35,53.188133
840,70.60788,35,53.039394
841,70.54869,35,52.743454
842,70.49245,35,52.46223
843,70.43604,35,52.180214
844,70.390816,35,51.95408
845,70.34485,35,51.724243
846,70.31003,35,51.550137
847,70.27329,35,51.36646
848,70.24692,35,51.234592
849,70.21748,35,51.087414
850,70.19753,35,50.98766
851,70.173134,35,50.86567
852,70.15727,36,50.786366
853,70.135635,36,50.678177
854,70.120605,36,50.603027
855,70.06931,36,50.346565
856,69.9965,36,49.98249
857,69.89084,36,49.454193
858,69.771774,36,48.85887
859,69.630516,36,48.15258
860,69.48889,36,47.444458
861,69.33926,36,46.69628
862,69.20001,36,46.00006
863,69.07173,36,45.358658
864,68.97118,36,44.85592
865,68.88786,36,44.439316
866,68.84034,36,44.2017
867,68.80875,36,44.04373
868,68.78866,36,43.94329
869,68.7625,36,43.812485
870,68.73586,36,43.679314
871,68.716354,36,43.58177
872,68.68617,36,43.430862
873,68.65845,36,43.292236
874,68.616,36,43.079987
875,68.571915,36,42.859573
876,68.5097,36,42.548485
877,68.44296,36,42.214813
878,68.356964,36,41.78482
879,68.26489,36,41.324463
880,68.1679,36,40.8395
881,68.10144,36,40.507202
882,68.05116,36,40.255814
883,68.028984,36,40.14492
884,68.01846,36,40.092316
885,68.02918,36,40.145912
886,68.04302,36,40.21511
887,68.07002,36,40.350113
888,68.09183,36,40.459137
889,68.11652,36,40.58262
890,68.12853,37,40.642662
891,68.13684,37,40.684204
892,68.128365,37,40.641823
893,68.10619,37,40.530968
894,68.05297,37,40.264854
895,67.98424,37,39.92119
896,67.892624,37,39.46312
897,67.79251,37,38.962555
898,67.68011,37,38.400536
899,67.57035,38,37.851753
900,67.4608,38,37.304
901,67.36548,38,36.827393
902,67.28044,38,36.402206
903,67.21775,38,36.088753
904,67.1816,38,35.908012
905,67.166954,39,35.83477
906,67.17275,39,35.86376
907,67.19008,39,35.950394
908,67.22261,39,36.113052
909,67.26346,39,36.31729
910,67.31612,40,36.58058
911,67.369576,40,36.847878
912,67.42553,40,37.127647
913,67.47763,40,37.388153
914,67.52498,40,37.624893
915,67.56269,40,37.813454
916,67.589874,40,37.94937
917,67.60386,40,38.019295
918,67.60579,39,38.028946
919,67.60463,39,38.023148
920,67.602844,39,38.01422
921,67.599045,39,37.995224
922,67.59536,39,37.9768
923,67.58895,39,37.944756
924,67.583435,39,37.917175
925,67.57448,39,37.87239
926,67.56719,39,37.83596
927,67.55579,39,37.77897
928,67.54684,40,37.734184
929,67.53311,40,37.665558
930,67.5226,40,37.61299
931,67.50462,40,37.523117
932,67.48228,40,37.411385
933,67.44573,40,37.22866
934,67.400696,40,37.00348
935,67.355385,40,36.776924
936,67.29951,40,36.497536
937,67.24794,39,36.2397
938,67.18951,39,35.947533
939,67.140366,39,35.701828
940,67.08792,39,35.439606
941,67.04907,38,35.24536
942,67.009026,38,35.045128
943,66.98599,38,34.929962
944,66.96436,38,34.821815
945,66.96463,37,34.82315
946,66.96848,37,34.842415
947,66.993576,37,34.96788
948,67.01996,37,35.099792
949,67.06569,37,35.328445
950,67.114845,37,35.574226
951,67.17572,37,35.8786
952,67.23072,37,36.153603
953,67.29911,37,36.495552
954,67.357704,37,36.78852
955,67.42657,37,37.132835
956,67.48206,37,37.410316
957,67.554955,37,37.774773
958,67.62922,37,38.146095
959,67.72345,37,38.61725
960,67.811615,37,39.058075
961,67.91315,36,39.565735
962,68.000084,36,40.00042
963,68.091675,36,40.458374
964,68.15949,35,40.797462
965,68.22341,35,41.117058
966,68.25923,35,41.296158
967,68.26728,35,41.336403
968,68.26252,34,41.3126
969,68.2197,34,41.09852
970,68.169,34,40.844994
971,68.08879,34,40.443954
972,68.00475,34,40.023766
973,67.89447,34,39.47235
974,67.78317,34,38.915863
975,67.65245,34,38.262253
976,67.52812,34,37.64061
977,67.38947,34,36.947365
978,67.26336,34,36.316795
979,67.129135,34,35.645676
980,67.01268,34,35.0634
981,66.892944,34,34.46472
982,66.79115,35,33.955765
983,66.69622,35,33.481102
984,66.62695,35,33.134766
985,66.56058,35,32.802887
986,66.517204,35,32.58602
987,66.473434,36,32.367172
988,66.447624,36,32.23812
989,66.41643,36,32.082138
990,66.39894,36,31.994707
991,66.368774,37,31.84387
992,66.34481,37,31.724054
993,66.30642,37,31.532097
994,66.270645,37,31.353226
995,66.217606,38,31.088028
996,66.15959,38,30.797958
997,66.080666,38,30.403328
998,65.987854,38,29.93927
999,65.89844,38,29.492188
1000,65.79764,38,28.988188
1001,65.70369,38,28.518448
1002,65.60689,37,28.03444
1003,65.5243,37,27.621498
1004,65.44706,37,27.2353
1005,65.390076,37,26.950377
1006,65.34383,36,26.719131
1007,65.32223,36,26.611137
1008,65.30444,36,26.522217
1009,65.28445,36,26.422232
1010,65.254166,36,26.270828
1011,65.22236,35,26.111794
1012,65.1834,35,25.917015
1013,65.14532,35,25.726587
1014,65.10387,35,25.519333
1015,65.06702,35,25.335083
1016,65.032104,35,25.16052
1017,65.00431,34,25.021553
1018,64.98248,34,24.912415
1019,64.969666,34,24.848328
1020,64.96537,34,24.82685
1021,64.96695,34,24.834747
1022,64.971085,34,24.855423
1023,64.97675,34,24.883766
1024,64.98247,33,24.912338
1025,64.98812,33,24.940605
1026,64.99078,33,24.953918
1027,64.99072,33,24.953613
1028,64.98427,33,24.92134
1029,64.97243,33,24.862137
1030,64.94821,32,24.741058
1031,64.91758,32,24.587898
1032,64.87942,32,24.397087
1033,64.82943,32,24.147148
1034,64.7645,32,23.822517
1035,64.67881,32,23.39405
1036,64.579414,32,22.897072
1037,64.464615,32,22.323074
1038,64.34114,32,21.705704
1039,64.21308,32,21.065407
1040,64.08881,32,20.444069
1041,63.967026,32,19.835129
1042,63.858715,32,19.293575
1043,63.761234,32,18.806171
1044,63.684814,32,18.424072
1045,63.624603,32,18.123016
1046,63.589718,32,17.94859
1047,63.5723,31,17.8615
1048,63.57829,31,17.891445
1049,63.596592,31,17.98296
1050,63.631336,32,18.156681
1051,63.66871,32,18.343544
1052,63.711555,32,18.557777
1053,63.744686,32,18.72343
1054,63.77477,32,18.873844
1055,63.778965,32,18.894825
1056,63.76608,32,18.830395
1057,63.72293,32,18.614655
1058,63.657272,32,18.286362
1059,63.56629,32,17.831459
1060,63.4845,33,17.422504
1061,63.404,33,17.019997
1062,63.325294,33,16.626472
1063,63.26408,33,16.3204
1064,63.204308,33,16.021538
1065,63.15628,33,15.781403
1066,63.108875,33,15.544375
1067,63.07235,33,15.361747
1068,63.0354,34,15.177003
1069,63.008423,34,15.042114
1070,62.98035,34,14.901752
1071,62.961334,34,14.806671
1072,62.933598,34,14.667988
1073,62.897934,35,14.48967
1074,62.845016,35,14.225082
1075,62.78849,35,13.9424515
1076,62.721146,35,13.605729
1077,62.658134,35,13.290672
1078,62.593258,36,12.96629
1079,62.542824,36,12.714119
1080,62.500256,36,12.501279
1081,62.48015,36,12.400742
1082,62.475235,36,12.376175
1083,62.498077,37,12.490387
1084,62.539375,37,12.6968775
1085,62.607914,37,13.03957
1086,62.692757,37,13.463783
1087,62.79869,37,13.993454
1088,62.912933,37,14.564666
1089,63.040405,38,15.202026
1090,63.166393,38,15.831966
1091,63.294556,38,16.472778
1092,63.410183,38,17.050915
1093,63.51681,38,17.584057
1094,63.606876,38,18.034382
1095,63.667946,38,18.33973
1096,63.707966,38,18.53983
1097,63.717506,38,18.587532
1098,63.707928,38,18.539639
1099,63.67388,38,18.369408
1100,63.624474,38,18.122368
1101,63.55535,38,17.776756
1102,63.474438,38,17.372189
1103,63.383846,38,16.919231
1104,63.29209,38,16.460457
1105,63.197647,38,15.988235
1106,63.110516,39,15.552577
1107,63.029186,39,15.14593
1108,62.962074,39,14.810371
1109,62.906868,39,14.534339
1110,62.865456,39,14.327279
1111,62.832115,38,14.160577
1112,62.806206,38,14.031029
1113,62.78412,38,13.920593
1114,62.76885,38,13.844243
1115,62.756912,38,13.78456
1116,62.75025,38,13.75126
1117,62.745728,37,13.728638
1118,62.745144,37,13.7257185
1119,62.744526,37,13.72263
1120,62.74521,37,13.726044
1121,62.74558,37,13.727895
1122,62.745895,37,13.729477
1123,62.746708,36,13.733539
1124,62.75263,36,13.763142
1125,62.767273,36,13.836365
1126,62.793175,36,13.965874
1127,62.821228,36,14.106139
1128,62.86382,36,14.319095
1129,62.90983,35,14.549141
1130,62.97455,35,14.872742
1131,63.042145,35,15.210724
1132,63.13228,35,15.661391
1133,63.22416,35,16.120796
1134,63.341248,34,16.706238
1135,63.45833,34,17.291641
1136,63.598545,34,17.992725
1137,63.72537,34,18.626842
1138,63.87062,34,19.353104
1139,63.999737,34,19.998684
1140,64.149216,34,20.746078
1141,64.28069,34,21.403465
1142,64.43596,35,22.179794
1143,64.57073,35,22.85366
1144,64.73101,35,23.655052
1145,64.870705,35,24.353523
1146,65.038284,35,25.19142
1147,65.18376,35,25.918808
1148,65.35898,36,26.794893
1149,65.5298,36,27.649004
1150,65.767,36,28.834993
1151,66.00782,36,30.039103
1152,66.3072,36,31.53599
1153,66.59953,36,32.997665
1154,66.93951,35,34.697533
1155,67.25713,35,36.285667
1156,67.60903,35,38.04516
1157,67.92254,35,39.612694
1158,68.272675,34,41.363373
1159,68.58925,34,42.946243
1160,68.84821,34,44.241066
1161,69.11621,33,45.581055
1162,69.31855,33,46.59275
1163,69.526306,33,47.63153
1164,69.6685,32,48.342514
1165,69.82172,32,49.10858
1166,69.912186,32,49.56093
1167,70.02806,32,50.140305
1168,70.09632,32,50.481606
1169,70.198814,31,50.994076
1170,70.26525,31,51.326256
1171,70.3773,31,51.886482
1172,70.46244,31,52.312202
1173,70.600555,31,53.002773
1174,70.713936,31,53.56968
1175,70.86665,31,54.33327
1176,70.97892,30,54.894604
1177,71.12684,30,55.634193
1178,71.23247,30,56.16234
1179,71.37098,30,56.854897
1180,71.46466,30,57.3233
1181,71.58788,30,57.939415
1182,71.665115,30,58.325577
1183,71.767525,30,58.837624
1184,71.82144,30,59.10721
1185,71.90019,30,59.50096
1186,71.93114,31,59.655685
1187,71.99295,31,59.964752
1188,72.03343,31,60.167156
1189,72.12431,31,60.621567
1190,72.22679,31,61.133957
1191,72.312096,31,61.560474
1192,72.44156,31,62.207794
1193,72.5468,31,62.733997
1194,72.6893,32,63.446503
1195,72.80292,32,64.01459
1196,72.946556,32,64.73278
1197,73.05737,32,65.286865
1198,73.19282,33,65.96409
1199,73.29244,33,66.46221
1200,73.40268,33,67.0134
1201,73.45471,33,67.27356
1202,73.50303,33,67.515144
1203,73.50101,33,67.505035
1204,73.502754,33,67.51377
1205,73.46774,33,67.338715
1206,73.444115,33,67.22057
1207,73.40423,33,67.02114
1208,73.39225,33,66.96125
1209,73.37546,33,66.87729
1210,73.39624,32,66.9812
1211,73.42355,32,67.11777
1212,73.49252,32,67.462616
1213,73.55572,32,67.77859
1214,73.62835,32,68.14175
1215,73.68375,32,68.41873
1216,73.7458,33,68.72898
1217,73.792336,33,68.96168
1218,73.84271,33,69.21356
1219,73.87935,33,69.39674
1220,73.91702,34,69.58511
1221,73.94281,34,69.71405
1222,73.967545,35,69.83772
1223,73.98375,35,69.91875
1224,73.99131,36,69.95655
1225,73.99352,37,69.96761
1226,73.994934,37,69.97467
1227,73.99778,37,69.9889
1228,74.00253,38,70.012665
1229,74.00819,38,70.04093
1230,74.01574,38,70.0787
1231,74.02349,39,70.117455
1232,74.033005,39,70.16502
1233,74.041824,39,70.20912
1234,74.05208,39,70.26039
1235,74.0606,39,70.303
1236,74.07011,39,70.35053
1237,74.07676,39,70.3838
1238,74.08661,39,70.433044
1239,74.09113,39,70.455666
1240,74.09688,39,70.48439
1241,74.0986,39,70.49301
1242,74.100555,39,70.50278
1243,74.09683,40,70.48416
1244,74.092186,40,70.46093
1245,74.080185,40,70.400925
1246,74.06642,41,70.33211
1247,74.04358,41,70.217896
1248,74.01799,42,70.08995
1249,73.982544,42,69.91272
1250,73.94412,42,69.72061
1251,73.89673,43,69.48364
1252,73.85239,43,69.26193
1253,73.803856,43,69.01928
1254,73.75042,44,68.7521
1255,73.70574,44,68.52871
1256,73.65686,44,68.2843
1257,73.61245,44,68.06225
1258,73.56381,44,67.81906
1259,73.52,44,67.59998
1260,73.47197,44,67.35985
1261,73.42912,44,67.145615
1262,73.38213,44,66.91067
1263,73.34069,45,66.70345
1264,73.30757,45,66.53786
1265,73.31047,45,66.55235
1266,73.33725,45,66.68625
1267,73.39398,46,66.96991
1268,73.46513,46,67.32567
1269,73.5545,46,67.772484
1270,73.64893,47,68.24467
1271,73.74259,47,68.71296
1272,73.82214,47,69.11072
1273,73.89158,47,69.45789
1274,73.934845,48,69.674225
1275,73.95841,48,69.79206
1276,73.94922,48,69.74609
1277,73.92971,48,69.64855
1278,73.89825,49,69.491234
1279,73.86609,49,69.330444
1280,73.823044,49,69.11522
1281,73.78031,49,68.90156
1282,73.728134,49,68.64067
1283,73.67784,49,68.389206
1284,73.61989,49,68.09944
1285,73.56549,49,67.82745
1286,73.50081,50,67.50404
1287,73.44027,50,67.20135
1288,73.38532,50,66.92661
1289,73.32517,50,66.62586
1290,73.24795,50,66.23974
1291,73.1375,50,65.687485
1292,73.0066,50,65.033
1293,72.85046,50,64.25228
1294,72.68013,50,63.40065
1295,72.50106,50,62.505306
1296,72.32568,50,61.628418
1297,72.1524,51,60.76199
1298,71.996574,51,59.982872
1299,71.85584,51,59.279217
1300,71.7433,51,58.716507
1301,71.65448,51,58.272396
1302,71.5983,51,57.991486
1303,71.55971,52,57.798542
1304,71.54313,52,57.71564
1305,71.53934,52,57.69669
1306,71.55204,52,57.760204
1307,71.570755,52,57.853775
1308,71.597336,52,57.986675
1309,71.62102,52,58.105087
1310,71.64556,52,58.227806
1311,71.65537,52,58.276863
1312,71.654884,52,58.274426
1313,71.63625,51,58.181267
1314,71.602295,51,58.01147
1315,71.549614,51,57.748066
1316,71.48786,51,57.43931
1317,71.41486,51,57.07432
1318,71.328926,50,56.64463
1319,71.24526,50,56.226315
1320,71.15849,50,55.79246
1321,71.074455,49,55.372272
1322,70.99445,49,54.972267
1323,70.9237,48,54.61849
1324,70.863785,48,54.318924
1325,70.81856,48,54.09279
1326,70.78867,47,53.943367
1327,70.77754,47,53.887714
1328,70.78906,47,53.945316
1329,70.830505,47,54.152523
1330,70.89781,46,54.48906
1331,70.9915,46,54.957504
1332,71.101906,46,55.509533
1333,71.230865,46,56.154327
1334,71.36942,46,56.847115
1335,71.511116,46,57.55558
1336,71.64336,46,58.21678
1337,71.77414,46,58.870697
1338,71.8837,46,59.418488
1339,71.984856,46,59.924282
1340,72.05684,46,60.2842
1341,72.12392,46,60.61958
1342,72.16815,46,60.840763
1343,72.21386,46,61.069298
1344,72.237335,46,61.186676
1345,72.26565,46,61.32824
1346,72.27359,46,61.367954
1347,72.29174,47,61.458702
1348,72.29244,47,61.46221
1349,72.309044,47,61.545216
1350,72.32355,47,61.617737
1351,72.32834,48,61.641693
1352,72.35555,48,61.777763
1353,72.36844,48,61.84219
1354,72.39156,48,61.957817
1355,72.38138,48,61.90689
1356,72.37808,48,61.89041
1357,72.34125,48,61.706238
1358,72.31327,48,61.566353
1359,72.25306,47,61.265297
1360,72.20539,47,61.026955
1361,72.126625,47,60.63312
1362,72.063934,46,60.319675
1363,71.971985,46,59.859924
1364,71.89949,45,59.49745
1365,71.79944,45,58.99719
1366,71.71765,44,58.588253
1367,71.619095,44,58.095474
1368,71.55009,44,57.750435
1369,71.45976,43,57.298817
1370,71.398796,43,56.99398
1371,71.31453,43,56.572647
1372,71.25787,43,56.289368
1373,71.174934,43,55.87467
1374,71.118195,43,55.590977
1375,71.03077,43,55.153847
1376,70.96598,43,54.829903
1377,70.86936,42,54.346813
1378,70.79391,42,53.96954
1379,70.688126,42,53.44063
1380,70.61372,42,53.06862
1381,70.5175,42,52.58751
1382,70.42615,42,52.130733
1383,70.365486,42,51.82743
1384,70.28167,42,51.40835
1385,70.22695,42,51.134758
1386,70.14769,42,50.73845
1387,70.09539,42,50.47695
1388,70.01705,42,50.08526
1389,69.9634,42,49.81701
1390,69.88251,42,49.412537
1391,69.82403,42,49.12014
1392,69.73673,42,48.683662
1393,69.66862,42,48.343086
1394,69.57066,42,47.853317
1395,69.490906,42,47.45453
1396,69.382225,42,46.911125
1397,69.291504,42,46.45752
1398,69.175545,42,45.877724
1399,69.07544,42,45.377197
1400,68.95029,42,44.751434
1401,68.84364,42,44.218216
1402,68.714226,42,43.57113
1403,68.60344,42,43.017197
1404,68.47194,42,42.359695
1405,68.35813,43,41.790657
1406,68.22387,43,41.119347
1407,68.107895,43,40.539474
1408,67.976364,43,39.88182
1409,67.86511,43,39.32556
1410,67.74391,42,38.71956
1411,67.64639,42,38.231964
1412,67.54509,42,37.72545
1413,67.470634,42,37.353172
1414,67.3946,42,36.973
1415,67.33953,41,36.697655
1416,67.313,41,36.565018
1417,67.29293,41,36.464653
1418,67.3048,41,36.52401
1419,67.329384,40,36.64692
1420,67.38188,40,36.90941
1421,67.44226,40,37.211304
1422,67.5236,39,37.61799
1423,67.60251,39,38.012543
1424,67.687836,39,38.43918
1425,67.76443,39,38.822136
1426,67.83585,39,39.179268
1427,67.8911,38,39.45549
1428,67.931885,38,39.659424
1429,67.952286,38,39.76143
1430,67.95473,38,39.773636
1431,67.951744,38,39.75872
1432,67.94485,38,39.724236
1433,67.93722,38,39.68609
1434,67.925064,38,39.62532
1435,67.91489,38,39.574432
1436,67.9001,38,39.500504
1437,67.89037,38,39.451866
1438,67.87578,38,39.37889
1439,67.869774,39,39.34887
